[
  {
    "Letter": "E",
    "Relative frequency in the English language": 12.7
  },
  {
    "Letter": "T",
    "Relative frequency in the English language": 9.06
  },
  {
    "Letter": "A",
    "Relative frequency in the English language": 8.17
  },
  {
    "Letter": "O",
    "Relative frequency in the English language": 7.51
  },
  {
    "Letter": "I",
    "Relative frequency in the English language": 6.97
  },
  {
    "Letter": "N",
    "Relative frequency in the English language": 6.75
  },
  {
    "Letter": "S",
    "Relative frequency in the English language": 6.33
  },
  {
    "Letter": "H",
    "Relative frequency in the English language": 6.09
  },
  {
    "Letter": "R",
    "Relative frequency in the English language": 5.99
  },
  {
    "Letter": "D",
    "Relative frequency in the English language": 4.25
  },
  {
    "Letter": "L",
    "Relative frequency in the English language": 4.03
  },
  {
    "Letter": "C",
    "Relative frequency in the English language": 2.78
  },
  {
    "Letter": "U",
    "Relative frequency in the English language": 2.76
  },
  {
    "Letter": "M",
    "Relative frequency in the English language": 2.41
  },
  {
    "Letter": "W",
    "Relative frequency in the English language": 2.36
  },
  {
    "Letter": "F",
    "Relative frequency in the English language": 2.23
  },
  {
    "Letter": "G",
    "Relative frequency in the English language": 2.02
  },
  {
    "Letter": "Y",
    "Relative frequency in the English language": 1.97
  },
  {
    "Letter": "P",
    "Relative frequency in the English language": 1.93
  },
  {
    "Letter": "B",
    "Relative frequency in the English language": 1.49
  },
  {
    "Letter": "V",
    "Relative frequency in the English language": 0.98
  },
  {
    "Letter": "K",
    "Relative frequency in the English language": 0.77
  },
  {
    "Letter": "J",
    "Relative frequency in the English language": 0.15
  },
  {
    "Letter": "X",
    "Relative frequency in the English language": 0.15
  },
  {
    "Letter": "Q",
    "Relative frequency in the English language": 0.1
  },
  {
    "Letter": "Z",
    "Relative frequency in the English language": 0.07
  }
]